,filename1,filename2,label1,label2,match
0,fseivkaego.wav,ooyevtcxvf.wav,2,6,False
1,tkaorzfyzc.wav,pxtgqsabnh.wav,1,9,False
2,zviuujuuou.wav,afceoescqs.wav,4,6,False
3,oagvqxyqxz.wav,xmclwscjcz.wav,1,7,False
4,tkaorzfyzc.wav,nvdmllxvqy.wav,1,7,False
5,tsoxcpgasb.wav,tsoxcpgasb.wav,9,9,True
6,mokhicvkqf.wav,mokhicvkqf.wav,9,9,True
7,fseivkaego.wav,jpjcecupwp.wav,2,4,False
8,xmclwscjcz.wav,zviuujuuou.wav,7,4,False
9,oagvqxyqxz.wav,oagvqxyqxz.wav,1,1,True
10,mokhicvkqf.wav,cgxwaehnir.wav,9,3,False
11,mokhicvkqf.wav,iiuanaofgh.wav,9,4,False
12,xmclwscjcz.wav,nekumenpgv.wav,7,3,False
13,afceoescqs.wav,ooyevtcxvf.wav,6,6,True
14,fseivkaego.wav,nekumenpgv.wav,2,3,False
15,fseivkaego.wav,xmclwscjcz.wav,2,7,False
16,pxtgqsabnh.wav,tsoxcpgasb.wav,9,9,True
17,uqvsgllfeq.wav,oagvqxyqxz.wav,1,1,True
18,pxtgqsabnh.wav,mokhicvkqf.wav,9,9,True
19,jpjcecupwp.wav,fseivkaego.wav,4,2,False
20,nekumenpgv.wav,iiuanaofgh.wav,3,4,False
21,oagvqxyqxz.wav,iiuanaofgh.wav,1,4,False
22,ieaxshpxwj.wav,xwrxxvztrb.wav,2,6,False
23,tkaorzfyzc.wav,pxtgqsabnh.wav,1,9,False
24,ooyevtcxvf.wav,ooyevtcxvf.wav,6,6,True
25,afceoescqs.wav,kttcqvdgul.wav,6,3,False
26,xwrxxvztrb.wav,ieaxshpxwj.wav,6,2,False
27,tsoxcpgasb.wav,tsoxcpgasb.wav,9,9,True
28,ieaxshpxwj.wav,pxtgqsabnh.wav,2,9,False
29,rjrqbatlca.wav,tsoxcpgasb.wav,7,9,False
30,uqvsgllfeq.wav,xmclwscjcz.wav,1,7,False
31,kttcqvdgul.wav,mokhicvkqf.wav,3,9,False
32,jpjcecupwp.wav,zviuujuuou.wav,4,4,True
33,mokhicvkqf.wav,pxtgqsabnh.wav,9,9,True
34,uqvsgllfeq.wav,nvdmllxvqy.wav,1,7,False
35,afceoescqs.wav,nvdmllxvqy.wav,6,7,False
36,zviuujuuou.wav,jpjcecupwp.wav,4,4,True
37,zviuujuuou.wav,xwrxxvztrb.wav,4,6,False
38,cgxwaehnir.wav,oagvqxyqxz.wav,3,1,False
39,ooyevtcxvf.wav,ooyevtcxvf.wav,6,6,True
40,rjrqbatlca.wav,fseivkaego.wav,7,2,False
41,afceoescqs.wav,ztvloagxul.wav,6,2,False
42,ztvloagxul.wav,ieaxshpxwj.wav,2,2,True
43,tsoxcpgasb.wav,tsoxcpgasb.wav,9,9,True
44,uqvsgllfeq.wav,tkaorzfyzc.wav,1,1,True
45,xwrxxvztrb.wav,afceoescqs.wav,6,6,True
46,kttcqvdgul.wav,kttcqvdgul.wav,3,3,True
47,pxtgqsabnh.wav,ooyevtcxvf.wav,9,6,False
48,ztvloagxul.wav,ieaxshpxwj.wav,2,2,True
49,zviuujuuou.wav,zviuujuuou.wav,4,4,True
50,mokhicvkqf.wav,jpjcecupwp.wav,9,4,False
51,mokhicvkqf.wav,tsoxcpgasb.wav,9,9,True
52,nvdmllxvqy.wav,rjrqbatlca.wav,7,7,True
53,cgxwaehnir.wav,tsoxcpgasb.wav,3,9,False
54,zviuujuuou.wav,jpjcecupwp.wav,4,4,True
55,afceoescqs.wav,xwrxxvztrb.wav,6,6,True
56,fseivkaego.wav,ieaxshpxwj.wav,2,2,True
57,cgxwaehnir.wav,uqvsgllfeq.wav,3,1,False
58,xmclwscjcz.wav,xwrxxvztrb.wav,7,6,False
59,afceoescqs.wav,jpjcecupwp.wav,6,4,False
60,ztvloagxul.wav,uqvsgllfeq.wav,2,1,False
61,nvdmllxvqy.wav,ztvloagxul.wav,7,2,False
62,xwrxxvztrb.wav,fseivkaego.wav,6,2,False
63,xwrxxvztrb.wav,jpjcecupwp.wav,6,4,False
64,xmclwscjcz.wav,tkaorzfyzc.wav,7,1,False
65,fseivkaego.wav,tkaorzfyzc.wav,2,1,False
66,xmclwscjcz.wav,nvdmllxvqy.wav,7,7,True
67,pxtgqsabnh.wav,pxtgqsabnh.wav,9,9,True
68,ztvloagxul.wav,ieaxshpxwj.wav,2,2,True
69,afceoescqs.wav,fseivkaego.wav,6,2,False
70,fseivkaego.wav,jpjcecupwp.wav,2,4,False
71,pxtgqsabnh.wav,mokhicvkqf.wav,9,9,True
72,zviuujuuou.wav,rjrqbatlca.wav,4,7,False
73,jpjcecupwp.wav,xwrxxvztrb.wav,4,6,False
74,iiuanaofgh.wav,jpjcecupwp.wav,4,4,True
75,ooyevtcxvf.wav,jpjcecupwp.wav,6,4,False
76,kttcqvdgul.wav,mokhicvkqf.wav,3,9,False
77,nekumenpgv.wav,tkaorzfyzc.wav,3,1,False
78,iiuanaofgh.wav,zviuujuuou.wav,4,4,True
79,xmclwscjcz.wav,xmclwscjcz.wav,7,7,True
80,tsoxcpgasb.wav,afceoescqs.wav,9,6,False
81,ztvloagxul.wav,ztvloagxul.wav,2,2,True
82,jpjcecupwp.wav,jpjcecupwp.wav,4,4,True
83,tkaorzfyzc.wav,ooyevtcxvf.wav,1,6,False
84,nvdmllxvqy.wav,afceoescqs.wav,7,6,False
85,tsoxcpgasb.wav,mokhicvkqf.wav,9,9,True
86,zviuujuuou.wav,xmclwscjcz.wav,4,7,False
87,ieaxshpxwj.wav,oagvqxyqxz.wav,2,1,False
88,xmclwscjcz.wav,xmclwscjcz.wav,7,7,True
89,cgxwaehnir.wav,oagvqxyqxz.wav,3,1,False
90,jpjcecupwp.wav,nvdmllxvqy.wav,4,7,False
91,ooyevtcxvf.wav,nvdmllxvqy.wav,6,7,False
92,mokhicvkqf.wav,nvdmllxvqy.wav,9,7,False
93,tsoxcpgasb.wav,mokhicvkqf.wav,9,9,True
94,ztvloagxul.wav,tsoxcpgasb.wav,2,9,False
95,afceoescqs.wav,afceoescqs.wav,6,6,True
96,ooyevtcxvf.wav,ooyevtcxvf.wav,6,6,True
97,afceoescqs.wav,xwrxxvztrb.wav,6,6,True
98,tsoxcpgasb.wav,oagvqxyqxz.wav,9,1,False
99,ooyevtcxvf.wav,fseivkaego.wav,6,2,False
100,afceoescqs.wav,zviuujuuou.wav,6,4,False
101,zviuujuuou.wav,afceoescqs.wav,4,6,False
102,nvdmllxvqy.wav,afceoescqs.wav,7,6,False
103,iiuanaofgh.wav,zviuujuuou.wav,4,4,True
104,cgxwaehnir.wav,kttcqvdgul.wav,3,3,True
105,ztvloagxul.wav,ieaxshpxwj.wav,2,2,True
106,xmclwscjcz.wav,xmclwscjcz.wav,7,7,True
107,tsoxcpgasb.wav,afceoescqs.wav,9,6,False
108,tkaorzfyzc.wav,tkaorzfyzc.wav,1,1,True
109,fseivkaego.wav,cgxwaehnir.wav,2,3,False
110,fseivkaego.wav,ieaxshpxwj.wav,2,2,True
111,oagvqxyqxz.wav,xwrxxvztrb.wav,1,6,False
112,tsoxcpgasb.wav,zviuujuuou.wav,9,4,False
113,afceoescqs.wav,oagvqxyqxz.wav,6,1,False
114,kttcqvdgul.wav,nekumenpgv.wav,3,3,True
115,fseivkaego.wav,fseivkaego.wav,2,2,True
116,afceoescqs.wav,xwrxxvztrb.wav,6,6,True
117,ztvloagxul.wav,ieaxshpxwj.wav,2,2,True
118,mokhicvkqf.wav,pxtgqsabnh.wav,9,9,True
119,afceoescqs.wav,oagvqxyqxz.wav,6,1,False
120,uqvsgllfeq.wav,oagvqxyqxz.wav,1,1,True
121,afceoescqs.wav,ieaxshpxwj.wav,6,2,False
122,ztvloagxul.wav,iiuanaofgh.wav,2,4,False
123,jpjcecupwp.wav,tkaorzfyzc.wav,4,1,False
124,mokhicvkqf.wav,nekumenpgv.wav,9,3,False
125,afceoescqs.wav,oagvqxyqxz.wav,6,1,False
126,nvdmllxvqy.wav,ieaxshpxwj.wav,7,2,False
127,rjrqbatlca.wav,fseivkaego.wav,7,2,False
128,oagvqxyqxz.wav,uqvsgllfeq.wav,1,1,True
129,nvdmllxvqy.wav,nekumenpgv.wav,7,3,False
130,nvdmllxvqy.wav,jpjcecupwp.wav,7,4,False
131,kttcqvdgul.wav,jpjcecupwp.wav,3,4,False
132,cgxwaehnir.wav,kttcqvdgul.wav,3,3,True
133,jpjcecupwp.wav,zviuujuuou.wav,4,4,True
134,fseivkaego.wav,ztvloagxul.wav,2,2,True
135,xwrxxvztrb.wav,uqvsgllfeq.wav,6,1,False
136,jpjcecupwp.wav,pxtgqsabnh.wav,4,9,False
137,tsoxcpgasb.wav,xmclwscjcz.wav,9,7,False
138,nekumenpgv.wav,jpjcecupwp.wav,3,4,False
139,cgxwaehnir.wav,kttcqvdgul.wav,3,3,True
140,uqvsgllfeq.wav,xwrxxvztrb.wav,1,6,False
141,zviuujuuou.wav,xmclwscjcz.wav,4,7,False
142,tkaorzfyzc.wav,ztvloagxul.wav,1,2,False
143,fseivkaego.wav,xmclwscjcz.wav,2,7,False
144,kttcqvdgul.wav,iiuanaofgh.wav,3,4,False
145,pxtgqsabnh.wav,kttcqvdgul.wav,9,3,False
146,uqvsgllfeq.wav,ztvloagxul.wav,1,2,False
147,nvdmllxvqy.wav,tkaorzfyzc.wav,7,1,False
148,xwrxxvztrb.wav,oagvqxyqxz.wav,6,1,False
149,xwrxxvztrb.wav,xwrxxvztrb.wav,6,6,True
150,oagvqxyqxz.wav,zviuujuuou.wav,1,4,False
151,tkaorzfyzc.wav,oagvqxyqxz.wav,1,1,True
152,xwrxxvztrb.wav,fseivkaego.wav,6,2,False
153,nvdmllxvqy.wav,mokhicvkqf.wav,7,9,False
154,nvdmllxvqy.wav,pxtgqsabnh.wav,7,9,False
155,rjrqbatlca.wav,zviuujuuou.wav,7,4,False
156,ztvloagxul.wav,fseivkaego.wav,2,2,True
157,zviuujuuou.wav,fseivkaego.wav,4,2,False
158,zviuujuuou.wav,xwrxxvztrb.wav,4,6,False
159,oagvqxyqxz.wav,afceoescqs.wav,1,6,False
160,uqvsgllfeq.wav,fseivkaego.wav,1,2,False
161,afceoescqs.wav,xwrxxvztrb.wav,6,6,True
162,oagvqxyqxz.wav,tkaorzfyzc.wav,1,1,True
163,ooyevtcxvf.wav,ooyevtcxvf.wav,6,6,True
164,kttcqvdgul.wav,nvdmllxvqy.wav,3,7,False
165,iiuanaofgh.wav,tsoxcpgasb.wav,4,9,False
166,pxtgqsabnh.wav,nekumenpgv.wav,9,3,False
167,ztvloagxul.wav,rjrqbatlca.wav,2,7,False
168,pxtgqsabnh.wav,afceoescqs.wav,9,6,False
169,tkaorzfyzc.wav,tkaorzfyzc.wav,1,1,True
170,jpjcecupwp.wav,pxtgqsabnh.wav,4,9,False
171,nekumenpgv.wav,kttcqvdgul.wav,3,3,True
172,uqvsgllfeq.wav,afceoescqs.wav,1,6,False
173,iiuanaofgh.wav,rjrqbatlca.wav,4,7,False
174,zviuujuuou.wav,uqvsgllfeq.wav,4,1,False
175,ieaxshpxwj.wav,nekumenpgv.wav,2,3,False
176,jpjcecupwp.wav,nvdmllxvqy.wav,4,7,False
177,jpjcecupwp.wav,pxtgqsabnh.wav,4,9,False
178,rjrqbatlca.wav,xmclwscjcz.wav,7,7,True
179,uqvsgllfeq.wav,rjrqbatlca.wav,1,7,False
180,uqvsgllfeq.wav,oagvqxyqxz.wav,1,1,True
181,tsoxcpgasb.wav,jpjcecupwp.wav,9,4,False
182,tsoxcpgasb.wav,afceoescqs.wav,9,6,False
183,nekumenpgv.wav,nvdmllxvqy.wav,3,7,False
184,ieaxshpxwj.wav,nekumenpgv.wav,2,3,False
185,afceoescqs.wav,kttcqvdgul.wav,6,3,False
186,oagvqxyqxz.wav,uqvsgllfeq.wav,1,1,True
187,tsoxcpgasb.wav,ooyevtcxvf.wav,9,6,False
188,nvdmllxvqy.wav,nvdmllxvqy.wav,7,7,True
189,tkaorzfyzc.wav,fseivkaego.wav,1,2,False
190,ztvloagxul.wav,xwrxxvztrb.wav,2,6,False
191,afceoescqs.wav,zviuujuuou.wav,6,4,False
192,nvdmllxvqy.wav,iiuanaofgh.wav,7,4,False
193,kttcqvdgul.wav,ieaxshpxwj.wav,3,2,False
194,tkaorzfyzc.wav,uqvsgllfeq.wav,1,1,True
195,fseivkaego.wav,fseivkaego.wav,2,2,True
196,ieaxshpxwj.wav,zviuujuuou.wav,2,4,False
197,ztvloagxul.wav,xwrxxvztrb.wav,2,6,False
198,cgxwaehnir.wav,afceoescqs.wav,3,6,False
199,ieaxshpxwj.wav,xmclwscjcz.wav,2,7,False
200,nvdmllxvqy.wav,ieaxshpxwj.wav,7,2,False
201,oagvqxyqxz.wav,rjrqbatlca.wav,1,7,False
202,jpjcecupwp.wav,xwrxxvztrb.wav,4,6,False
203,iiuanaofgh.wav,iiuanaofgh.wav,4,4,True
204,ooyevtcxvf.wav,tsoxcpgasb.wav,6,9,False
205,fseivkaego.wav,ztvloagxul.wav,2,2,True
206,nekumenpgv.wav,zviuujuuou.wav,3,4,False
207,uqvsgllfeq.wav,jpjcecupwp.wav,1,4,False
208,nvdmllxvqy.wav,uqvsgllfeq.wav,7,1,False
209,rjrqbatlca.wav,mokhicvkqf.wav,7,9,False
210,afceoescqs.wav,ztvloagxul.wav,6,2,False
211,kttcqvdgul.wav,jpjcecupwp.wav,3,4,False
212,zviuujuuou.wav,afceoescqs.wav,4,6,False
213,tkaorzfyzc.wav,oagvqxyqxz.wav,1,1,True
214,pxtgqsabnh.wav,zviuujuuou.wav,9,4,False
215,ztvloagxul.wav,nvdmllxvqy.wav,2,7,False
216,uqvsgllfeq.wav,iiuanaofgh.wav,1,4,False
217,iiuanaofgh.wav,iiuanaofgh.wav,4,4,True
218,rjrqbatlca.wav,rjrqbatlca.wav,7,7,True
219,mokhicvkqf.wav,jpjcecupwp.wav,9,4,False
220,fseivkaego.wav,pxtgqsabnh.wav,2,9,False
221,tsoxcpgasb.wav,tsoxcpgasb.wav,9,9,True
222,tsoxcpgasb.wav,cgxwaehnir.wav,9,3,False
223,afceoescqs.wav,jpjcecupwp.wav,6,4,False
224,xmclwscjcz.wav,xwrxxvztrb.wav,7,6,False
225,jpjcecupwp.wav,afceoescqs.wav,4,6,False
226,afceoescqs.wav,xwrxxvztrb.wav,6,6,True
227,ieaxshpxwj.wav,ztvloagxul.wav,2,2,True
228,fseivkaego.wav,ztvloagxul.wav,2,2,True
229,cgxwaehnir.wav,zviuujuuou.wav,3,4,False
230,ztvloagxul.wav,tsoxcpgasb.wav,2,9,False
231,nekumenpgv.wav,ooyevtcxvf.wav,3,6,False
232,cgxwaehnir.wav,ooyevtcxvf.wav,3,6,False
233,zviuujuuou.wav,zviuujuuou.wav,4,4,True
234,jpjcecupwp.wav,tkaorzfyzc.wav,4,1,False
235,cgxwaehnir.wav,rjrqbatlca.wav,3,7,False
236,tkaorzfyzc.wav,xmclwscjcz.wav,1,7,False
237,rjrqbatlca.wav,mokhicvkqf.wav,7,9,False
238,fseivkaego.wav,jpjcecupwp.wav,2,4,False
239,afceoescqs.wav,kttcqvdgul.wav,6,3,False
240,pxtgqsabnh.wav,uqvsgllfeq.wav,9,1,False
241,uqvsgllfeq.wav,cgxwaehnir.wav,1,3,False
242,ztvloagxul.wav,fseivkaego.wav,2,2,True
243,mokhicvkqf.wav,xwrxxvztrb.wav,9,6,False
244,jpjcecupwp.wav,afceoescqs.wav,4,6,False
245,rjrqbatlca.wav,ztvloagxul.wav,7,2,False
246,pxtgqsabnh.wav,jpjcecupwp.wav,9,4,False
247,tkaorzfyzc.wav,oagvqxyqxz.wav,1,1,True
248,xwrxxvztrb.wav,cgxwaehnir.wav,6,3,False
249,mokhicvkqf.wav,uqvsgllfeq.wav,9,1,False
250,nvdmllxvqy.wav,tsoxcpgasb.wav,7,9,False
251,uqvsgllfeq.wav,rjrqbatlca.wav,1,7,False
252,ooyevtcxvf.wav,mokhicvkqf.wav,6,9,False
253,nekumenpgv.wav,jpjcecupwp.wav,3,4,False
254,fseivkaego.wav,kttcqvdgul.wav,2,3,False
255,ooyevtcxvf.wav,zviuujuuou.wav,6,4,False
256,oagvqxyqxz.wav,uqvsgllfeq.wav,1,1,True
257,ooyevtcxvf.wav,tkaorzfyzc.wav,6,1,False
258,rjrqbatlca.wav,uqvsgllfeq.wav,7,1,False
259,afceoescqs.wav,xwrxxvztrb.wav,6,6,True
260,zviuujuuou.wav,fseivkaego.wav,4,2,False
261,xmclwscjcz.wav,xmclwscjcz.wav,7,7,True
262,tkaorzfyzc.wav,zviuujuuou.wav,1,4,False
263,uqvsgllfeq.wav,rjrqbatlca.wav,1,7,False
264,iiuanaofgh.wav,mokhicvkqf.wav,4,9,False
265,afceoescqs.wav,jpjcecupwp.wav,6,4,False
266,tsoxcpgasb.wav,oagvqxyqxz.wav,9,1,False
267,ooyevtcxvf.wav,xmclwscjcz.wav,6,7,False
268,fseivkaego.wav,jpjcecupwp.wav,2,4,False
269,afceoescqs.wav,uqvsgllfeq.wav,6,1,False
270,zviuujuuou.wav,rjrqbatlca.wav,4,7,False
271,oagvqxyqxz.wav,fseivkaego.wav,1,2,False
272,xmclwscjcz.wav,afceoescqs.wav,7,6,False
273,ooyevtcxvf.wav,rjrqbatlca.wav,6,7,False
274,xmclwscjcz.wav,kttcqvdgul.wav,7,3,False
275,mokhicvkqf.wav,pxtgqsabnh.wav,9,9,True
276,zviuujuuou.wav,jpjcecupwp.wav,4,4,True
277,zviuujuuou.wav,rjrqbatlca.wav,4,7,False
278,tsoxcpgasb.wav,ooyevtcxvf.wav,9,6,False
279,nvdmllxvqy.wav,xmclwscjcz.wav,7,7,True
280,pxtgqsabnh.wav,fseivkaego.wav,9,2,False
281,zviuujuuou.wav,zviuujuuou.wav,4,4,True
282,uqvsgllfeq.wav,fseivkaego.wav,1,2,False
283,rjrqbatlca.wav,xmclwscjcz.wav,7,7,True
284,ztvloagxul.wav,pxtgqsabnh.wav,2,9,False
285,ooyevtcxvf.wav,rjrqbatlca.wav,6,7,False
286,afceoescqs.wav,ieaxshpxwj.wav,6,2,False
287,rjrqbatlca.wav,afceoescqs.wav,7,6,False
288,nekumenpgv.wav,zviuujuuou.wav,3,4,False
289,nvdmllxvqy.wav,nvdmllxvqy.wav,7,7,True
290,nekumenpgv.wav,xwrxxvztrb.wav,3,6,False
291,fseivkaego.wav,rjrqbatlca.wav,2,7,False
292,jpjcecupwp.wav,zviuujuuou.wav,4,4,True
293,afceoescqs.wav,jpjcecupwp.wav,6,4,False
294,pxtgqsabnh.wav,nekumenpgv.wav,9,3,False
295,kttcqvdgul.wav,rjrqbatlca.wav,3,7,False
296,oagvqxyqxz.wav,tkaorzfyzc.wav,1,1,True
297,cgxwaehnir.wav,rjrqbatlca.wav,3,7,False
298,mokhicvkqf.wav,ztvloagxul.wav,9,2,False
299,cgxwaehnir.wav,pxtgqsabnh.wav,3,9,False
300,uqvsgllfeq.wav,jpjcecupwp.wav,1,4,False
301,uqvsgllfeq.wav,cgxwaehnir.wav,1,3,False
302,rjrqbatlca.wav,kttcqvdgul.wav,7,3,False
303,mokhicvkqf.wav,uqvsgllfeq.wav,9,1,False
304,uqvsgllfeq.wav,afceoescqs.wav,1,6,False
305,xmclwscjcz.wav,xwrxxvztrb.wav,7,6,False
306,xmclwscjcz.wav,afceoescqs.wav,7,6,False
307,pxtgqsabnh.wav,ztvloagxul.wav,9,2,False
308,mokhicvkqf.wav,pxtgqsabnh.wav,9,9,True
309,ieaxshpxwj.wav,ieaxshpxwj.wav,2,2,True
310,uqvsgllfeq.wav,uqvsgllfeq.wav,1,1,True
311,xwrxxvztrb.wav,oagvqxyqxz.wav,6,1,False
312,ztvloagxul.wav,jpjcecupwp.wav,2,4,False
313,pxtgqsabnh.wav,mokhicvkqf.wav,9,9,True
314,fseivkaego.wav,oagvqxyqxz.wav,2,1,False
315,mokhicvkqf.wav,oagvqxyqxz.wav,9,1,False
316,tsoxcpgasb.wav,oagvqxyqxz.wav,9,1,False
317,mokhicvkqf.wav,nvdmllxvqy.wav,9,7,False
318,nekumenpgv.wav,pxtgqsabnh.wav,3,9,False
319,iiuanaofgh.wav,nvdmllxvqy.wav,4,7,False
320,pxtgqsabnh.wav,rjrqbatlca.wav,9,7,False
321,oagvqxyqxz.wav,tkaorzfyzc.wav,1,1,True
322,ztvloagxul.wav,tsoxcpgasb.wav,2,9,False
323,mokhicvkqf.wav,mokhicvkqf.wav,9,9,True
324,kttcqvdgul.wav,oagvqxyqxz.wav,3,1,False
325,ooyevtcxvf.wav,ztvloagxul.wav,6,2,False
326,afceoescqs.wav,ooyevtcxvf.wav,6,6,True
327,afceoescqs.wav,pxtgqsabnh.wav,6,9,False
328,pxtgqsabnh.wav,ieaxshpxwj.wav,9,2,False
329,pxtgqsabnh.wav,ooyevtcxvf.wav,9,6,False
330,tsoxcpgasb.wav,xmclwscjcz.wav,9,7,False
331,iiuanaofgh.wav,afceoescqs.wav,4,6,False
332,jpjcecupwp.wav,zviuujuuou.wav,4,4,True
333,oagvqxyqxz.wav,rjrqbatlca.wav,1,7,False
334,zviuujuuou.wav,nvdmllxvqy.wav,4,7,False
335,nvdmllxvqy.wav,rjrqbatlca.wav,7,7,True
336,pxtgqsabnh.wav,cgxwaehnir.wav,9,3,False
337,jpjcecupwp.wav,xmclwscjcz.wav,4,7,False
338,afceoescqs.wav,ooyevtcxvf.wav,6,6,True
339,pxtgqsabnh.wav,oagvqxyqxz.wav,9,1,False
340,oagvqxyqxz.wav,nekumenpgv.wav,1,3,False
341,cgxwaehnir.wav,nekumenpgv.wav,3,3,True
342,tsoxcpgasb.wav,zviuujuuou.wav,9,4,False
343,tkaorzfyzc.wav,xwrxxvztrb.wav,1,6,False
344,nvdmllxvqy.wav,iiuanaofgh.wav,7,4,False
345,nvdmllxvqy.wav,ieaxshpxwj.wav,7,2,False
346,afceoescqs.wav,ooyevtcxvf.wav,6,6,True
347,nvdmllxvqy.wav,rjrqbatlca.wav,7,7,True
348,zviuujuuou.wav,fseivkaego.wav,4,2,False
349,uqvsgllfeq.wav,tkaorzfyzc.wav,1,1,True
350,ztvloagxul.wav,ztvloagxul.wav,2,2,True
351,afceoescqs.wav,afceoescqs.wav,6,6,True
352,oagvqxyqxz.wav,uqvsgllfeq.wav,1,1,True
353,tkaorzfyzc.wav,ooyevtcxvf.wav,1,6,False
354,ooyevtcxvf.wav,pxtgqsabnh.wav,6,9,False
355,oagvqxyqxz.wav,nvdmllxvqy.wav,1,7,False
356,iiuanaofgh.wav,ooyevtcxvf.wav,4,6,False
357,pxtgqsabnh.wav,nvdmllxvqy.wav,9,7,False
358,fseivkaego.wav,pxtgqsabnh.wav,2,9,False
359,nekumenpgv.wav,zviuujuuou.wav,3,4,False
360,iiuanaofgh.wav,mokhicvkqf.wav,4,9,False
361,ieaxshpxwj.wav,nvdmllxvqy.wav,2,7,False
362,jpjcecupwp.wav,jpjcecupwp.wav,4,4,True
363,fseivkaego.wav,nekumenpgv.wav,2,3,False
364,kttcqvdgul.wav,tsoxcpgasb.wav,3,9,False
365,mokhicvkqf.wav,zviuujuuou.wav,9,4,False
366,kttcqvdgul.wav,uqvsgllfeq.wav,3,1,False
367,jpjcecupwp.wav,nekumenpgv.wav,4,3,False
368,pxtgqsabnh.wav,pxtgqsabnh.wav,9,9,True
369,cgxwaehnir.wav,cgxwaehnir.wav,3,3,True
370,rjrqbatlca.wav,ieaxshpxwj.wav,7,2,False
371,nekumenpgv.wav,pxtgqsabnh.wav,3,9,False
372,xmclwscjcz.wav,jpjcecupwp.wav,7,4,False
373,nekumenpgv.wav,oagvqxyqxz.wav,3,1,False
374,xwrxxvztrb.wav,oagvqxyqxz.wav,6,1,False
375,xmclwscjcz.wav,xmclwscjcz.wav,7,7,True
376,ieaxshpxwj.wav,iiuanaofgh.wav,2,4,False
377,iiuanaofgh.wav,jpjcecupwp.wav,4,4,True
378,kttcqvdgul.wav,cgxwaehnir.wav,3,3,True
379,tsoxcpgasb.wav,xmclwscjcz.wav,9,7,False
380,xmclwscjcz.wav,uqvsgllfeq.wav,7,1,False
381,uqvsgllfeq.wav,ieaxshpxwj.wav,1,2,False
382,jpjcecupwp.wav,jpjcecupwp.wav,4,4,True
383,zviuujuuou.wav,jpjcecupwp.wav,4,4,True
384,kttcqvdgul.wav,ooyevtcxvf.wav,3,6,False
385,xwrxxvztrb.wav,xmclwscjcz.wav,6,7,False
386,oagvqxyqxz.wav,tkaorzfyzc.wav,1,1,True
387,zviuujuuou.wav,ieaxshpxwj.wav,4,2,False
388,ooyevtcxvf.wav,xmclwscjcz.wav,6,7,False
389,tsoxcpgasb.wav,afceoescqs.wav,9,6,False
390,oagvqxyqxz.wav,rjrqbatlca.wav,1,7,False
391,ztvloagxul.wav,ztvloagxul.wav,2,2,True
392,nvdmllxvqy.wav,xmclwscjcz.wav,7,7,True
393,mokhicvkqf.wav,ooyevtcxvf.wav,9,6,False
394,kttcqvdgul.wav,nekumenpgv.wav,3,3,True
395,ieaxshpxwj.wav,tkaorzfyzc.wav,2,1,False
396,zviuujuuou.wav,uqvsgllfeq.wav,4,1,False
397,xmclwscjcz.wav,ztvloagxul.wav,7,2,False
398,pxtgqsabnh.wav,tsoxcpgasb.wav,9,9,True
399,fseivkaego.wav,xmclwscjcz.wav,2,7,False
400,ieaxshpxwj.wav,xmclwscjcz.wav,2,7,False
401,iiuanaofgh.wav,cgxwaehnir.wav,4,3,False
402,ztvloagxul.wav,oagvqxyqxz.wav,2,1,False
403,nvdmllxvqy.wav,afceoescqs.wav,7,6,False
404,nekumenpgv.wav,kttcqvdgul.wav,3,3,True
405,oagvqxyqxz.wav,xmclwscjcz.wav,1,7,False
406,xwrxxvztrb.wav,kttcqvdgul.wav,6,3,False
407,iiuanaofgh.wav,kttcqvdgul.wav,4,3,False
408,afceoescqs.wav,ztvloagxul.wav,6,2,False
409,kttcqvdgul.wav,uqvsgllfeq.wav,3,1,False
410,pxtgqsabnh.wav,ooyevtcxvf.wav,9,6,False
411,tkaorzfyzc.wav,rjrqbatlca.wav,1,7,False
412,kttcqvdgul.wav,nekumenpgv.wav,3,3,True
413,pxtgqsabnh.wav,tsoxcpgasb.wav,9,9,True
414,jpjcecupwp.wav,kttcqvdgul.wav,4,3,False
415,ooyevtcxvf.wav,xwrxxvztrb.wav,6,6,True
416,uqvsgllfeq.wav,xmclwscjcz.wav,1,7,False
417,nvdmllxvqy.wav,nekumenpgv.wav,7,3,False
418,kttcqvdgul.wav,uqvsgllfeq.wav,3,1,False
419,ztvloagxul.wav,ieaxshpxwj.wav,2,2,True
420,nvdmllxvqy.wav,oagvqxyqxz.wav,7,1,False
421,zviuujuuou.wav,tkaorzfyzc.wav,4,1,False
422,oagvqxyqxz.wav,oagvqxyqxz.wav,1,1,True
423,iiuanaofgh.wav,zviuujuuou.wav,4,4,True
424,xwrxxvztrb.wav,nvdmllxvqy.wav,6,7,False
425,xmclwscjcz.wav,oagvqxyqxz.wav,7,1,False
426,jpjcecupwp.wav,ztvloagxul.wav,4,2,False
427,kttcqvdgul.wav,fseivkaego.wav,3,2,False
428,tkaorzfyzc.wav,cgxwaehnir.wav,1,3,False
429,fseivkaego.wav,tkaorzfyzc.wav,2,1,False
430,jpjcecupwp.wav,fseivkaego.wav,4,2,False
431,zviuujuuou.wav,jpjcecupwp.wav,4,4,True
432,afceoescqs.wav,uqvsgllfeq.wav,6,1,False
433,zviuujuuou.wav,uqvsgllfeq.wav,4,1,False
434,jpjcecupwp.wav,iiuanaofgh.wav,4,4,True
435,fseivkaego.wav,ztvloagxul.wav,2,2,True
436,ooyevtcxvf.wav,kttcqvdgul.wav,6,3,False
437,ztvloagxul.wav,xwrxxvztrb.wav,2,6,False
438,nvdmllxvqy.wav,xmclwscjcz.wav,7,7,True
439,nekumenpgv.wav,ooyevtcxvf.wav,3,6,False
440,zviuujuuou.wav,tkaorzfyzc.wav,4,1,False
441,fseivkaego.wav,ooyevtcxvf.wav,2,6,False
442,afceoescqs.wav,afceoescqs.wav,6,6,True
443,tkaorzfyzc.wav,afceoescqs.wav,1,6,False
444,zviuujuuou.wav,fseivkaego.wav,4,2,False
445,jpjcecupwp.wav,zviuujuuou.wav,4,4,True
446,nvdmllxvqy.wav,zviuujuuou.wav,7,4,False
447,cgxwaehnir.wav,cgxwaehnir.wav,3,3,True
448,rjrqbatlca.wav,zviuujuuou.wav,7,4,False
449,tsoxcpgasb.wav,xmclwscjcz.wav,9,7,False
450,mokhicvkqf.wav,nekumenpgv.wav,9,3,False
451,tkaorzfyzc.wav,tkaorzfyzc.wav,1,1,True
452,tsoxcpgasb.wav,oagvqxyqxz.wav,9,1,False
453,tkaorzfyzc.wav,nvdmllxvqy.wav,1,7,False
454,ztvloagxul.wav,pxtgqsabnh.wav,2,9,False
455,cgxwaehnir.wav,ooyevtcxvf.wav,3,6,False
456,oagvqxyqxz.wav,tkaorzfyzc.wav,1,1,True
457,afceoescqs.wav,mokhicvkqf.wav,6,9,False
458,cgxwaehnir.wav,ooyevtcxvf.wav,3,6,False
459,kttcqvdgul.wav,ieaxshpxwj.wav,3,2,False
460,tkaorzfyzc.wav,afceoescqs.wav,1,6,False
461,ieaxshpxwj.wav,kttcqvdgul.wav,2,3,False
462,ooyevtcxvf.wav,rjrqbatlca.wav,6,7,False
463,tsoxcpgasb.wav,iiuanaofgh.wav,9,4,False
464,uqvsgllfeq.wav,afceoescqs.wav,1,6,False
465,uqvsgllfeq.wav,xmclwscjcz.wav,1,7,False
466,afceoescqs.wav,xwrxxvztrb.wav,6,6,True
467,cgxwaehnir.wav,cgxwaehnir.wav,3,3,True
468,ieaxshpxwj.wav,nvdmllxvqy.wav,2,7,False
469,tsoxcpgasb.wav,zviuujuuou.wav,9,4,False
470,ieaxshpxwj.wav,iiuanaofgh.wav,2,4,False
471,zviuujuuou.wav,nvdmllxvqy.wav,4,7,False
472,nvdmllxvqy.wav,oagvqxyqxz.wav,7,1,False
473,ieaxshpxwj.wav,mokhicvkqf.wav,2,9,False
474,nvdmllxvqy.wav,nvdmllxvqy.wav,7,7,True
475,rjrqbatlca.wav,iiuanaofgh.wav,7,4,False
476,oagvqxyqxz.wav,pxtgqsabnh.wav,1,9,False
477,jpjcecupwp.wav,fseivkaego.wav,4,2,False
478,uqvsgllfeq.wav,uqvsgllfeq.wav,1,1,True
479,jpjcecupwp.wav,iiuanaofgh.wav,4,4,True
480,kttcqvdgul.wav,kttcqvdgul.wav,3,3,True
481,cgxwaehnir.wav,xwrxxvztrb.wav,3,6,False
482,jpjcecupwp.wav,xwrxxvztrb.wav,4,6,False
483,tkaorzfyzc.wav,rjrqbatlca.wav,1,7,False
484,ooyevtcxvf.wav,jpjcecupwp.wav,6,4,False
485,afceoescqs.wav,fseivkaego.wav,6,2,False
486,mokhicvkqf.wav,pxtgqsabnh.wav,9,9,True
487,xmclwscjcz.wav,pxtgqsabnh.wav,7,9,False
488,kttcqvdgul.wav,tkaorzfyzc.wav,3,1,False
489,pxtgqsabnh.wav,iiuanaofgh.wav,9,4,False
490,xwrxxvztrb.wav,cgxwaehnir.wav,6,3,False
491,kttcqvdgul.wav,nekumenpgv.wav,3,3,True
492,tsoxcpgasb.wav,pxtgqsabnh.wav,9,9,True
493,oagvqxyqxz.wav,ooyevtcxvf.wav,1,6,False
494,iiuanaofgh.wav,pxtgqsabnh.wav,4,9,False
495,fseivkaego.wav,ztvloagxul.wav,2,2,True
496,uqvsgllfeq.wav,ieaxshpxwj.wav,1,2,False
497,jpjcecupwp.wav,afceoescqs.wav,4,6,False
498,iiuanaofgh.wav,pxtgqsabnh.wav,4,9,False
499,ieaxshpxwj.wav,mokhicvkqf.wav,2,9,False
500,kttcqvdgul.wav,nekumenpgv.wav,3,3,True
501,rjrqbatlca.wav,tsoxcpgasb.wav,7,9,False
502,oagvqxyqxz.wav,tkaorzfyzc.wav,1,1,True
503,nvdmllxvqy.wav,fseivkaego.wav,7,2,False
504,kttcqvdgul.wav,xmclwscjcz.wav,3,7,False
505,nvdmllxvqy.wav,uqvsgllfeq.wav,7,1,False
506,xmclwscjcz.wav,zviuujuuou.wav,7,4,False
507,nvdmllxvqy.wav,iiuanaofgh.wav,7,4,False
508,kttcqvdgul.wav,cgxwaehnir.wav,3,3,True
509,pxtgqsabnh.wav,pxtgqsabnh.wav,9,9,True
510,uqvsgllfeq.wav,tkaorzfyzc.wav,1,1,True
511,nvdmllxvqy.wav,iiuanaofgh.wav,7,4,False
512,uqvsgllfeq.wav,ztvloagxul.wav,1,2,False
513,cgxwaehnir.wav,ooyevtcxvf.wav,3,6,False
514,jpjcecupwp.wav,ieaxshpxwj.wav,4,2,False
515,rjrqbatlca.wav,tsoxcpgasb.wav,7,9,False
516,afceoescqs.wav,afceoescqs.wav,6,6,True
517,nvdmllxvqy.wav,xmclwscjcz.wav,7,7,True
518,tsoxcpgasb.wav,iiuanaofgh.wav,9,4,False
519,tsoxcpgasb.wav,tsoxcpgasb.wav,9,9,True
520,fseivkaego.wav,iiuanaofgh.wav,2,4,False
521,ooyevtcxvf.wav,ieaxshpxwj.wav,6,2,False
522,nvdmllxvqy.wav,pxtgqsabnh.wav,7,9,False
523,oagvqxyqxz.wav,ztvloagxul.wav,1,2,False
524,cgxwaehnir.wav,ieaxshpxwj.wav,3,2,False
525,ztvloagxul.wav,tkaorzfyzc.wav,2,1,False
526,cgxwaehnir.wav,nvdmllxvqy.wav,3,7,False
527,jpjcecupwp.wav,zviuujuuou.wav,4,4,True
528,rjrqbatlca.wav,uqvsgllfeq.wav,7,1,False
529,tsoxcpgasb.wav,tkaorzfyzc.wav,9,1,False
530,rjrqbatlca.wav,fseivkaego.wav,7,2,False
531,iiuanaofgh.wav,xwrxxvztrb.wav,4,6,False
532,tkaorzfyzc.wav,nvdmllxvqy.wav,1,7,False
533,pxtgqsabnh.wav,tsoxcpgasb.wav,9,9,True
534,jpjcecupwp.wav,kttcqvdgul.wav,4,3,False
535,oagvqxyqxz.wav,uqvsgllfeq.wav,1,1,True
536,oagvqxyqxz.wav,nekumenpgv.wav,1,3,False
537,tsoxcpgasb.wav,zviuujuuou.wav,9,4,False
538,ztvloagxul.wav,ztvloagxul.wav,2,2,True
539,nekumenpgv.wav,afceoescqs.wav,3,6,False
540,mokhicvkqf.wav,tsoxcpgasb.wav,9,9,True
541,jpjcecupwp.wav,iiuanaofgh.wav,4,4,True
542,rjrqbatlca.wav,xwrxxvztrb.wav,7,6,False
543,tsoxcpgasb.wav,ieaxshpxwj.wav,9,2,False
544,fseivkaego.wav,cgxwaehnir.wav,2,3,False
545,nekumenpgv.wav,afceoescqs.wav,3,6,False
546,ooyevtcxvf.wav,xmclwscjcz.wav,6,7,False
547,mokhicvkqf.wav,mokhicvkqf.wav,9,9,True
548,tkaorzfyzc.wav,xwrxxvztrb.wav,1,6,False
549,mokhicvkqf.wav,rjrqbatlca.wav,9,7,False
550,tkaorzfyzc.wav,tsoxcpgasb.wav,1,9,False
551,iiuanaofgh.wav,mokhicvkqf.wav,4,9,False
552,nvdmllxvqy.wav,xwrxxvztrb.wav,7,6,False
553,fseivkaego.wav,ieaxshpxwj.wav,2,2,True
554,xmclwscjcz.wav,tsoxcpgasb.wav,7,9,False
555,rjrqbatlca.wav,ieaxshpxwj.wav,7,2,False
556,nvdmllxvqy.wav,pxtgqsabnh.wav,7,9,False
557,tkaorzfyzc.wav,ztvloagxul.wav,1,2,False
558,tkaorzfyzc.wav,nvdmllxvqy.wav,1,7,False
559,pxtgqsabnh.wav,oagvqxyqxz.wav,9,1,False
560,uqvsgllfeq.wav,nvdmllxvqy.wav,1,7,False
561,fseivkaego.wav,uqvsgllfeq.wav,2,1,False
562,jpjcecupwp.wav,afceoescqs.wav,4,6,False
563,uqvsgllfeq.wav,uqvsgllfeq.wav,1,1,True
564,jpjcecupwp.wav,ieaxshpxwj.wav,4,2,False
565,ooyevtcxvf.wav,uqvsgllfeq.wav,6,1,False
566,xmclwscjcz.wav,pxtgqsabnh.wav,7,9,False
567,jpjcecupwp.wav,uqvsgllfeq.wav,4,1,False
568,jpjcecupwp.wav,uqvsgllfeq.wav,4,1,False
569,zviuujuuou.wav,jpjcecupwp.wav,4,4,True
570,iiuanaofgh.wav,jpjcecupwp.wav,4,4,True
571,xwrxxvztrb.wav,tkaorzfyzc.wav,6,1,False
572,ooyevtcxvf.wav,mokhicvkqf.wav,6,9,False
573,uqvsgllfeq.wav,tkaorzfyzc.wav,1,1,True
574,fseivkaego.wav,iiuanaofgh.wav,2,4,False
575,tkaorzfyzc.wav,uqvsgllfeq.wav,1,1,True
576,ooyevtcxvf.wav,uqvsgllfeq.wav,6,1,False
577,ooyevtcxvf.wav,xwrxxvztrb.wav,6,6,True
578,oagvqxyqxz.wav,ztvloagxul.wav,1,2,False
579,jpjcecupwp.wav,ieaxshpxwj.wav,4,2,False
580,fseivkaego.wav,rjrqbatlca.wav,2,7,False
581,nekumenpgv.wav,tkaorzfyzc.wav,3,1,False
582,uqvsgllfeq.wav,oagvqxyqxz.wav,1,1,True
583,uqvsgllfeq.wav,ztvloagxul.wav,1,2,False
584,oagvqxyqxz.wav,zviuujuuou.wav,1,4,False
585,iiuanaofgh.wav,tkaorzfyzc.wav,4,1,False
586,xmclwscjcz.wav,tsoxcpgasb.wav,7,9,False
587,ooyevtcxvf.wav,mokhicvkqf.wav,6,9,False
588,pxtgqsabnh.wav,xmclwscjcz.wav,9,7,False
589,uqvsgllfeq.wav,xwrxxvztrb.wav,1,6,False
590,uqvsgllfeq.wav,ieaxshpxwj.wav,1,2,False
591,mokhicvkqf.wav,zviuujuuou.wav,9,4,False
592,cgxwaehnir.wav,kttcqvdgul.wav,3,3,True
593,rjrqbatlca.wav,nvdmllxvqy.wav,7,7,True
594,iiuanaofgh.wav,rjrqbatlca.wav,4,7,False
595,pxtgqsabnh.wav,iiuanaofgh.wav,9,4,False
596,xwrxxvztrb.wav,nekumenpgv.wav,6,3,False
597,nvdmllxvqy.wav,xmclwscjcz.wav,7,7,True
598,afceoescqs.wav,xwrxxvztrb.wav,6,6,True
599,iiuanaofgh.wav,pxtgqsabnh.wav,4,9,False
600,cgxwaehnir.wav,cgxwaehnir.wav,3,3,True
601,tsoxcpgasb.wav,jpjcecupwp.wav,9,4,False
602,fseivkaego.wav,oagvqxyqxz.wav,2,1,False
603,xmclwscjcz.wav,jpjcecupwp.wav,7,4,False
604,uqvsgllfeq.wav,uqvsgllfeq.wav,1,1,True
605,oagvqxyqxz.wav,cgxwaehnir.wav,1,3,False
606,cgxwaehnir.wav,tkaorzfyzc.wav,3,1,False
607,xwrxxvztrb.wav,oagvqxyqxz.wav,6,1,False
608,mokhicvkqf.wav,xwrxxvztrb.wav,9,6,False
609,ooyevtcxvf.wav,ieaxshpxwj.wav,6,2,False
610,iiuanaofgh.wav,ztvloagxul.wav,4,2,False
611,rjrqbatlca.wav,jpjcecupwp.wav,7,4,False
612,tsoxcpgasb.wav,ooyevtcxvf.wav,9,6,False
613,kttcqvdgul.wav,xmclwscjcz.wav,3,7,False
614,jpjcecupwp.wav,jpjcecupwp.wav,4,4,True
615,zviuujuuou.wav,ooyevtcxvf.wav,4,6,False
616,ieaxshpxwj.wav,xmclwscjcz.wav,2,7,False
617,cgxwaehnir.wav,cgxwaehnir.wav,3,3,True
618,afceoescqs.wav,cgxwaehnir.wav,6,3,False
619,tkaorzfyzc.wav,rjrqbatlca.wav,1,7,False
620,mokhicvkqf.wav,tsoxcpgasb.wav,9,9,True
621,mokhicvkqf.wav,kttcqvdgul.wav,9,3,False
622,xwrxxvztrb.wav,ooyevtcxvf.wav,6,6,True
623,ieaxshpxwj.wav,ooyevtcxvf.wav,2,6,False
624,iiuanaofgh.wav,ztvloagxul.wav,4,2,False
625,zviuujuuou.wav,tkaorzfyzc.wav,4,1,False
626,fseivkaego.wav,nekumenpgv.wav,2,3,False
627,ztvloagxul.wav,xmclwscjcz.wav,2,7,False
628,uqvsgllfeq.wav,pxtgqsabnh.wav,1,9,False
629,oagvqxyqxz.wav,kttcqvdgul.wav,1,3,False
630,nvdmllxvqy.wav,xmclwscjcz.wav,7,7,True
631,kttcqvdgul.wav,iiuanaofgh.wav,3,4,False
632,ieaxshpxwj.wav,pxtgqsabnh.wav,2,9,False
633,cgxwaehnir.wav,ieaxshpxwj.wav,3,2,False
634,oagvqxyqxz.wav,tkaorzfyzc.wav,1,1,True
635,afceoescqs.wav,nekumenpgv.wav,6,3,False
636,oagvqxyqxz.wav,ieaxshpxwj.wav,1,2,False
637,uqvsgllfeq.wav,tkaorzfyzc.wav,1,1,True
638,tsoxcpgasb.wav,tkaorzfyzc.wav,9,1,False
639,kttcqvdgul.wav,kttcqvdgul.wav,3,3,True
640,tsoxcpgasb.wav,pxtgqsabnh.wav,9,9,True
641,ztvloagxul.wav,fseivkaego.wav,2,2,True
642,cgxwaehnir.wav,nekumenpgv.wav,3,3,True
643,nvdmllxvqy.wav,rjrqbatlca.wav,7,7,True
644,mokhicvkqf.wav,tsoxcpgasb.wav,9,9,True
645,mokhicvkqf.wav,mokhicvkqf.wav,9,9,True
646,ztvloagxul.wav,fseivkaego.wav,2,2,True
647,xmclwscjcz.wav,uqvsgllfeq.wav,7,1,False
648,nvdmllxvqy.wav,jpjcecupwp.wav,7,4,False
649,oagvqxyqxz.wav,tsoxcpgasb.wav,1,9,False
650,kttcqvdgul.wav,zviuujuuou.wav,3,4,False
651,rjrqbatlca.wav,nvdmllxvqy.wav,7,7,True
652,ooyevtcxvf.wav,ooyevtcxvf.wav,6,6,True
653,pxtgqsabnh.wav,ieaxshpxwj.wav,9,2,False
654,xwrxxvztrb.wav,oagvqxyqxz.wav,6,1,False
655,rjrqbatlca.wav,mokhicvkqf.wav,7,9,False
656,zviuujuuou.wav,zviuujuuou.wav,4,4,True
657,kttcqvdgul.wav,jpjcecupwp.wav,3,4,False
658,nekumenpgv.wav,iiuanaofgh.wav,3,4,False
659,tkaorzfyzc.wav,uqvsgllfeq.wav,1,1,True
660,zviuujuuou.wav,jpjcecupwp.wav,4,4,True
661,ztvloagxul.wav,nekumenpgv.wav,2,3,False
662,zviuujuuou.wav,ztvloagxul.wav,4,2,False
663,ztvloagxul.wav,fseivkaego.wav,2,2,True
664,jpjcecupwp.wav,xmclwscjcz.wav,4,7,False
665,xmclwscjcz.wav,ieaxshpxwj.wav,7,2,False
666,ooyevtcxvf.wav,xwrxxvztrb.wav,6,6,True
667,ooyevtcxvf.wav,ooyevtcxvf.wav,6,6,True
668,ztvloagxul.wav,rjrqbatlca.wav,2,7,False
669,mokhicvkqf.wav,ieaxshpxwj.wav,9,2,False
670,cgxwaehnir.wav,tkaorzfyzc.wav,3,1,False
671,ieaxshpxwj.wav,pxtgqsabnh.wav,2,9,False
672,nekumenpgv.wav,kttcqvdgul.wav,3,3,True
673,cgxwaehnir.wav,ooyevtcxvf.wav,3,6,False
674,afceoescqs.wav,oagvqxyqxz.wav,6,1,False
675,ztvloagxul.wav,fseivkaego.wav,2,2,True
676,ooyevtcxvf.wav,pxtgqsabnh.wav,6,9,False
677,iiuanaofgh.wav,zviuujuuou.wav,4,4,True
678,nvdmllxvqy.wav,nvdmllxvqy.wav,7,7,True
679,oagvqxyqxz.wav,tkaorzfyzc.wav,1,1,True
680,oagvqxyqxz.wav,fseivkaego.wav,1,2,False
681,cgxwaehnir.wav,jpjcecupwp.wav,3,4,False
682,fseivkaego.wav,afceoescqs.wav,2,6,False
683,ztvloagxul.wav,pxtgqsabnh.wav,2,9,False
684,mokhicvkqf.wav,uqvsgllfeq.wav,9,1,False
685,iiuanaofgh.wav,zviuujuuou.wav,4,4,True
686,ieaxshpxwj.wav,afceoescqs.wav,2,6,False
687,pxtgqsabnh.wav,pxtgqsabnh.wav,9,9,True
688,xwrxxvztrb.wav,ooyevtcxvf.wav,6,6,True
689,cgxwaehnir.wav,mokhicvkqf.wav,3,9,False
690,jpjcecupwp.wav,jpjcecupwp.wav,4,4,True
691,nekumenpgv.wav,afceoescqs.wav,3,6,False
692,mokhicvkqf.wav,ooyevtcxvf.wav,9,6,False
693,mokhicvkqf.wav,zviuujuuou.wav,9,4,False
694,xmclwscjcz.wav,fseivkaego.wav,7,2,False
695,pxtgqsabnh.wav,uqvsgllfeq.wav,9,1,False
696,zviuujuuou.wav,afceoescqs.wav,4,6,False
697,xmclwscjcz.wav,ztvloagxul.wav,7,2,False
698,xmclwscjcz.wav,rjrqbatlca.wav,7,7,True
699,cgxwaehnir.wav,pxtgqsabnh.wav,3,9,False
700,oagvqxyqxz.wav,xmclwscjcz.wav,1,7,False
701,tsoxcpgasb.wav,mokhicvkqf.wav,9,9,True
702,tsoxcpgasb.wav,pxtgqsabnh.wav,9,9,True
703,xwrxxvztrb.wav,rjrqbatlca.wav,6,7,False
704,uqvsgllfeq.wav,oagvqxyqxz.wav,1,1,True
705,tsoxcpgasb.wav,fseivkaego.wav,9,2,False
706,pxtgqsabnh.wav,mokhicvkqf.wav,9,9,True
707,fseivkaego.wav,tkaorzfyzc.wav,2,1,False
708,nvdmllxvqy.wav,nvdmllxvqy.wav,7,7,True
709,zviuujuuou.wav,nekumenpgv.wav,4,3,False
710,jpjcecupwp.wav,afceoescqs.wav,4,6,False
711,uqvsgllfeq.wav,tkaorzfyzc.wav,1,1,True
712,kttcqvdgul.wav,afceoescqs.wav,3,6,False
713,fseivkaego.wav,tkaorzfyzc.wav,2,1,False
714,xwrxxvztrb.wav,cgxwaehnir.wav,6,3,False
715,uqvsgllfeq.wav,tsoxcpgasb.wav,1,9,False
716,pxtgqsabnh.wav,uqvsgllfeq.wav,9,1,False
717,tkaorzfyzc.wav,ztvloagxul.wav,1,2,False
718,cgxwaehnir.wav,uqvsgllfeq.wav,3,1,False
719,xwrxxvztrb.wav,xwrxxvztrb.wav,6,6,True
720,ieaxshpxwj.wav,iiuanaofgh.wav,2,4,False
721,nvdmllxvqy.wav,rjrqbatlca.wav,7,7,True
722,mokhicvkqf.wav,tkaorzfyzc.wav,9,1,False
723,oagvqxyqxz.wav,ieaxshpxwj.wav,1,2,False
724,afceoescqs.wav,ieaxshpxwj.wav,6,2,False
725,rjrqbatlca.wav,nekumenpgv.wav,7,3,False
726,ztvloagxul.wav,nekumenpgv.wav,2,3,False
727,ieaxshpxwj.wav,ieaxshpxwj.wav,2,2,True
728,oagvqxyqxz.wav,kttcqvdgul.wav,1,3,False
729,xmclwscjcz.wav,rjrqbatlca.wav,7,7,True
730,pxtgqsabnh.wav,mokhicvkqf.wav,9,9,True
731,uqvsgllfeq.wav,ieaxshpxwj.wav,1,2,False
732,jpjcecupwp.wav,jpjcecupwp.wav,4,4,True
733,ooyevtcxvf.wav,cgxwaehnir.wav,6,3,False
734,nvdmllxvqy.wav,nvdmllxvqy.wav,7,7,True
735,zviuujuuou.wav,uqvsgllfeq.wav,4,1,False
736,ieaxshpxwj.wav,ztvloagxul.wav,2,2,True
737,rjrqbatlca.wav,afceoescqs.wav,7,6,False
738,fseivkaego.wav,mokhicvkqf.wav,2,9,False
739,afceoescqs.wav,xmclwscjcz.wav,6,7,False
740,mokhicvkqf.wav,pxtgqsabnh.wav,9,9,True
741,fseivkaego.wav,tsoxcpgasb.wav,2,9,False
742,ooyevtcxvf.wav,kttcqvdgul.wav,6,3,False
743,xwrxxvztrb.wav,fseivkaego.wav,6,2,False
744,nekumenpgv.wav,jpjcecupwp.wav,3,4,False
745,ieaxshpxwj.wav,jpjcecupwp.wav,2,4,False
746,rjrqbatlca.wav,nekumenpgv.wav,7,3,False
747,afceoescqs.wav,afceoescqs.wav,6,6,True
748,kttcqvdgul.wav,kttcqvdgul.wav,3,3,True
749,jpjcecupwp.wav,zviuujuuou.wav,4,4,True
750,ieaxshpxwj.wav,fseivkaego.wav,2,2,True
751,jpjcecupwp.wav,nekumenpgv.wav,4,3,False
752,ieaxshpxwj.wav,ztvloagxul.wav,2,2,True
753,uqvsgllfeq.wav,zviuujuuou.wav,1,4,False
754,xmclwscjcz.wav,tsoxcpgasb.wav,7,9,False
755,tkaorzfyzc.wav,tsoxcpgasb.wav,1,9,False
756,oagvqxyqxz.wav,pxtgqsabnh.wav,1,9,False
757,cgxwaehnir.wav,rjrqbatlca.wav,3,7,False
758,pxtgqsabnh.wav,kttcqvdgul.wav,9,3,False
759,rjrqbatlca.wav,tkaorzfyzc.wav,7,1,False
760,cgxwaehnir.wav,nekumenpgv.wav,3,3,True
761,kttcqvdgul.wav,nvdmllxvqy.wav,3,7,False
762,ooyevtcxvf.wav,tkaorzfyzc.wav,6,1,False
763,cgxwaehnir.wav,jpjcecupwp.wav,3,4,False
764,pxtgqsabnh.wav,iiuanaofgh.wav,9,4,False
765,xmclwscjcz.wav,rjrqbatlca.wav,7,7,True
766,mokhicvkqf.wav,xmclwscjcz.wav,9,7,False
767,nekumenpgv.wav,ooyevtcxvf.wav,3,6,False
768,fseivkaego.wav,iiuanaofgh.wav,2,4,False
769,kttcqvdgul.wav,zviuujuuou.wav,3,4,False
770,nvdmllxvqy.wav,rjrqbatlca.wav,7,7,True
771,uqvsgllfeq.wav,cgxwaehnir.wav,1,3,False
772,rjrqbatlca.wav,zviuujuuou.wav,7,4,False
773,ooyevtcxvf.wav,nvdmllxvqy.wav,6,7,False
774,pxtgqsabnh.wav,iiuanaofgh.wav,9,4,False
775,fseivkaego.wav,jpjcecupwp.wav,2,4,False
776,uqvsgllfeq.wav,tkaorzfyzc.wav,1,1,True
777,jpjcecupwp.wav,oagvqxyqxz.wav,4,1,False
778,nvdmllxvqy.wav,ooyevtcxvf.wav,7,6,False
779,iiuanaofgh.wav,pxtgqsabnh.wav,4,9,False
780,pxtgqsabnh.wav,fseivkaego.wav,9,2,False
781,ieaxshpxwj.wav,afceoescqs.wav,2,6,False
782,jpjcecupwp.wav,tsoxcpgasb.wav,4,9,False
783,tkaorzfyzc.wav,xwrxxvztrb.wav,1,6,False
784,oagvqxyqxz.wav,oagvqxyqxz.wav,1,1,True
785,iiuanaofgh.wav,fseivkaego.wav,4,2,False
786,kttcqvdgul.wav,cgxwaehnir.wav,3,3,True
787,nvdmllxvqy.wav,jpjcecupwp.wav,7,4,False
788,iiuanaofgh.wav,zviuujuuou.wav,4,4,True
789,nvdmllxvqy.wav,nvdmllxvqy.wav,7,7,True
790,pxtgqsabnh.wav,ztvloagxul.wav,9,2,False
791,cgxwaehnir.wav,fseivkaego.wav,3,2,False
792,zviuujuuou.wav,ztvloagxul.wav,4,2,False
793,pxtgqsabnh.wav,rjrqbatlca.wav,9,7,False
794,zviuujuuou.wav,mokhicvkqf.wav,4,9,False
795,cgxwaehnir.wav,pxtgqsabnh.wav,3,9,False
796,ooyevtcxvf.wav,ooyevtcxvf.wav,6,6,True
797,fseivkaego.wav,tkaorzfyzc.wav,2,1,False
798,pxtgqsabnh.wav,tsoxcpgasb.wav,9,9,True
799,ztvloagxul.wav,xmclwscjcz.wav,2,7,False
800,ooyevtcxvf.wav,pxtgqsabnh.wav,6,9,False
801,nvdmllxvqy.wav,rjrqbatlca.wav,7,7,True
802,ooyevtcxvf.wav,ztvloagxul.wav,6,2,False
803,ztvloagxul.wav,afceoescqs.wav,2,6,False
804,zviuujuuou.wav,ieaxshpxwj.wav,4,2,False
805,iiuanaofgh.wav,xmclwscjcz.wav,4,7,False
806,nvdmllxvqy.wav,xmclwscjcz.wav,7,7,True
807,oagvqxyqxz.wav,afceoescqs.wav,1,6,False
808,tkaorzfyzc.wav,cgxwaehnir.wav,1,3,False
809,xwrxxvztrb.wav,xmclwscjcz.wav,6,7,False
810,kttcqvdgul.wav,ooyevtcxvf.wav,3,6,False
811,xwrxxvztrb.wav,pxtgqsabnh.wav,6,9,False
812,kttcqvdgul.wav,iiuanaofgh.wav,3,4,False
813,ieaxshpxwj.wav,uqvsgllfeq.wav,2,1,False
814,zviuujuuou.wav,tsoxcpgasb.wav,4,9,False
815,xwrxxvztrb.wav,tkaorzfyzc.wav,6,1,False
816,tsoxcpgasb.wav,kttcqvdgul.wav,9,3,False
817,xwrxxvztrb.wav,xmclwscjcz.wav,6,7,False
818,fseivkaego.wav,afceoescqs.wav,2,6,False
819,ieaxshpxwj.wav,pxtgqsabnh.wav,2,9,False
820,tkaorzfyzc.wav,oagvqxyqxz.wav,1,1,True
821,rjrqbatlca.wav,zviuujuuou.wav,7,4,False
822,nekumenpgv.wav,xmclwscjcz.wav,3,7,False
823,nvdmllxvqy.wav,xmclwscjcz.wav,7,7,True
824,ieaxshpxwj.wav,kttcqvdgul.wav,2,3,False
825,pxtgqsabnh.wav,oagvqxyqxz.wav,9,1,False
826,zviuujuuou.wav,ooyevtcxvf.wav,4,6,False
827,iiuanaofgh.wav,ieaxshpxwj.wav,4,2,False
828,fseivkaego.wav,iiuanaofgh.wav,2,4,False
829,xwrxxvztrb.wav,rjrqbatlca.wav,6,7,False
830,ooyevtcxvf.wav,cgxwaehnir.wav,6,3,False
831,cgxwaehnir.wav,nekumenpgv.wav,3,3,True
832,uqvsgllfeq.wav,uqvsgllfeq.wav,1,1,True
833,nvdmllxvqy.wav,tkaorzfyzc.wav,7,1,False
834,fseivkaego.wav,uqvsgllfeq.wav,2,1,False
835,iiuanaofgh.wav,zviuujuuou.wav,4,4,True
836,jpjcecupwp.wav,jpjcecupwp.wav,4,4,True
837,pxtgqsabnh.wav,ztvloagxul.wav,9,2,False
838,oagvqxyqxz.wav,uqvsgllfeq.wav,1,1,True
839,pxtgqsabnh.wav,ztvloagxul.wav,9,2,False
840,tsoxcpgasb.wav,nvdmllxvqy.wav,9,7,False
841,afceoescqs.wav,rjrqbatlca.wav,6,7,False
842,afceoescqs.wav,xwrxxvztrb.wav,6,6,True
843,ztvloagxul.wav,fseivkaego.wav,2,2,True
844,ztvloagxul.wav,iiuanaofgh.wav,2,4,False
845,pxtgqsabnh.wav,mokhicvkqf.wav,9,9,True
846,ieaxshpxwj.wav,rjrqbatlca.wav,2,7,False
847,mokhicvkqf.wav,nvdmllxvqy.wav,9,7,False
848,rjrqbatlca.wav,afceoescqs.wav,7,6,False
849,pxtgqsabnh.wav,oagvqxyqxz.wav,9,1,False
850,iiuanaofgh.wav,nekumenpgv.wav,4,3,False
851,tsoxcpgasb.wav,zviuujuuou.wav,9,4,False
852,nekumenpgv.wav,ooyevtcxvf.wav,3,6,False
853,fseivkaego.wav,afceoescqs.wav,2,6,False
854,ztvloagxul.wav,tsoxcpgasb.wav,2,9,False
855,nekumenpgv.wav,kttcqvdgul.wav,3,3,True
856,uqvsgllfeq.wav,oagvqxyqxz.wav,1,1,True
857,ztvloagxul.wav,afceoescqs.wav,2,6,False
858,zviuujuuou.wav,oagvqxyqxz.wav,4,1,False
859,cgxwaehnir.wav,ieaxshpxwj.wav,3,2,False
860,afceoescqs.wav,fseivkaego.wav,6,2,False
861,iiuanaofgh.wav,tsoxcpgasb.wav,4,9,False
862,ooyevtcxvf.wav,xmclwscjcz.wav,6,7,False
863,ieaxshpxwj.wav,afceoescqs.wav,2,6,False
864,ztvloagxul.wav,tkaorzfyzc.wav,2,1,False
865,ooyevtcxvf.wav,nekumenpgv.wav,6,3,False
866,tkaorzfyzc.wav,xmclwscjcz.wav,1,7,False
867,ztvloagxul.wav,afceoescqs.wav,2,6,False
868,rjrqbatlca.wav,xmclwscjcz.wav,7,7,True
869,tsoxcpgasb.wav,mokhicvkqf.wav,9,9,True
870,rjrqbatlca.wav,ieaxshpxwj.wav,7,2,False
871,iiuanaofgh.wav,zviuujuuou.wav,4,4,True
872,kttcqvdgul.wav,uqvsgllfeq.wav,3,1,False
873,nekumenpgv.wav,tkaorzfyzc.wav,3,1,False
874,zviuujuuou.wav,xmclwscjcz.wav,4,7,False
875,xmclwscjcz.wav,ieaxshpxwj.wav,7,2,False
876,xwrxxvztrb.wav,fseivkaego.wav,6,2,False
877,cgxwaehnir.wav,nekumenpgv.wav,3,3,True
878,xmclwscjcz.wav,ooyevtcxvf.wav,7,6,False
879,mokhicvkqf.wav,pxtgqsabnh.wav,9,9,True
880,tkaorzfyzc.wav,tsoxcpgasb.wav,1,9,False
881,zviuujuuou.wav,xwrxxvztrb.wav,4,6,False
882,xmclwscjcz.wav,nvdmllxvqy.wav,7,7,True
883,ooyevtcxvf.wav,nekumenpgv.wav,6,3,False
884,mokhicvkqf.wav,tkaorzfyzc.wav,9,1,False
885,xmclwscjcz.wav,tsoxcpgasb.wav,7,9,False
886,cgxwaehnir.wav,nekumenpgv.wav,3,3,True
887,ooyevtcxvf.wav,ooyevtcxvf.wav,6,6,True
888,iiuanaofgh.wav,jpjcecupwp.wav,4,4,True
889,cgxwaehnir.wav,nvdmllxvqy.wav,3,7,False
890,rjrqbatlca.wav,tsoxcpgasb.wav,7,9,False
891,fseivkaego.wav,fseivkaego.wav,2,2,True
892,oagvqxyqxz.wav,uqvsgllfeq.wav,1,1,True
893,ooyevtcxvf.wav,iiuanaofgh.wav,6,4,False
894,xmclwscjcz.wav,fseivkaego.wav,7,2,False
895,ztvloagxul.wav,pxtgqsabnh.wav,2,9,False
896,ieaxshpxwj.wav,xwrxxvztrb.wav,2,6,False
897,uqvsgllfeq.wav,tkaorzfyzc.wav,1,1,True
898,ooyevtcxvf.wav,rjrqbatlca.wav,6,7,False
899,rjrqbatlca.wav,nekumenpgv.wav,7,3,False
900,xmclwscjcz.wav,xmclwscjcz.wav,7,7,True
901,rjrqbatlca.wav,ztvloagxul.wav,7,2,False
902,zviuujuuou.wav,uqvsgllfeq.wav,4,1,False
903,fseivkaego.wav,jpjcecupwp.wav,2,4,False
904,ieaxshpxwj.wav,nvdmllxvqy.wav,2,7,False
905,nvdmllxvqy.wav,ooyevtcxvf.wav,7,6,False
906,tkaorzfyzc.wav,fseivkaego.wav,1,2,False
907,oagvqxyqxz.wav,xwrxxvztrb.wav,1,6,False
908,iiuanaofgh.wav,kttcqvdgul.wav,4,3,False
909,tsoxcpgasb.wav,ieaxshpxwj.wav,9,2,False
910,zviuujuuou.wav,tkaorzfyzc.wav,4,1,False
911,ztvloagxul.wav,fseivkaego.wav,2,2,True
912,oagvqxyqxz.wav,xwrxxvztrb.wav,1,6,False
913,xmclwscjcz.wav,tsoxcpgasb.wav,7,9,False
914,fseivkaego.wav,ooyevtcxvf.wav,2,6,False
915,ieaxshpxwj.wav,ooyevtcxvf.wav,2,6,False
916,mokhicvkqf.wav,mokhicvkqf.wav,9,9,True
917,ieaxshpxwj.wav,nvdmllxvqy.wav,2,7,False
918,nvdmllxvqy.wav,cgxwaehnir.wav,7,3,False
919,fseivkaego.wav,fseivkaego.wav,2,2,True
920,jpjcecupwp.wav,ieaxshpxwj.wav,4,2,False
921,nvdmllxvqy.wav,zviuujuuou.wav,7,4,False
922,fseivkaego.wav,tkaorzfyzc.wav,2,1,False
923,pxtgqsabnh.wav,mokhicvkqf.wav,9,9,True
924,ieaxshpxwj.wav,ztvloagxul.wav,2,2,True
925,rjrqbatlca.wav,jpjcecupwp.wav,7,4,False
926,ooyevtcxvf.wav,ooyevtcxvf.wav,6,6,True
927,mokhicvkqf.wav,nekumenpgv.wav,9,3,False
928,xmclwscjcz.wav,pxtgqsabnh.wav,7,9,False
929,mokhicvkqf.wav,pxtgqsabnh.wav,9,9,True
930,iiuanaofgh.wav,zviuujuuou.wav,4,4,True
931,nekumenpgv.wav,nvdmllxvqy.wav,3,7,False
932,ooyevtcxvf.wav,ztvloagxul.wav,6,2,False
933,mokhicvkqf.wav,nekumenpgv.wav,9,3,False
934,pxtgqsabnh.wav,tsoxcpgasb.wav,9,9,True
935,cgxwaehnir.wav,zviuujuuou.wav,3,4,False
936,jpjcecupwp.wav,iiuanaofgh.wav,4,4,True
937,cgxwaehnir.wav,afceoescqs.wav,3,6,False
938,ooyevtcxvf.wav,ieaxshpxwj.wav,6,2,False
939,jpjcecupwp.wav,uqvsgllfeq.wav,4,1,False
940,zviuujuuou.wav,fseivkaego.wav,4,2,False
941,oagvqxyqxz.wav,zviuujuuou.wav,1,4,False
942,fseivkaego.wav,nekumenpgv.wav,2,3,False
943,iiuanaofgh.wav,nekumenpgv.wav,4,3,False
944,cgxwaehnir.wav,kttcqvdgul.wav,3,3,True
945,tkaorzfyzc.wav,tkaorzfyzc.wav,1,1,True
946,ieaxshpxwj.wav,rjrqbatlca.wav,2,7,False
947,jpjcecupwp.wav,tsoxcpgasb.wav,4,9,False
948,mokhicvkqf.wav,mokhicvkqf.wav,9,9,True
949,kttcqvdgul.wav,cgxwaehnir.wav,3,3,True
950,cgxwaehnir.wav,ieaxshpxwj.wav,3,2,False
951,xwrxxvztrb.wav,pxtgqsabnh.wav,6,9,False
952,cgxwaehnir.wav,kttcqvdgul.wav,3,3,True
953,rjrqbatlca.wav,jpjcecupwp.wav,7,4,False
954,rjrqbatlca.wav,ieaxshpxwj.wav,7,2,False
955,zviuujuuou.wav,zviuujuuou.wav,4,4,True
956,zviuujuuou.wav,jpjcecupwp.wav,4,4,True
957,jpjcecupwp.wav,tsoxcpgasb.wav,4,9,False
958,nekumenpgv.wav,xmclwscjcz.wav,3,7,False
959,fseivkaego.wav,jpjcecupwp.wav,2,4,False
960,xwrxxvztrb.wav,ztvloagxul.wav,6,2,False
961,tsoxcpgasb.wav,mokhicvkqf.wav,9,9,True
962,tkaorzfyzc.wav,oagvqxyqxz.wav,1,1,True
963,cgxwaehnir.wav,nekumenpgv.wav,3,3,True
964,nvdmllxvqy.wav,tkaorzfyzc.wav,7,1,False
965,tkaorzfyzc.wav,oagvqxyqxz.wav,1,1,True
966,ooyevtcxvf.wav,uqvsgllfeq.wav,6,1,False
967,nekumenpgv.wav,pxtgqsabnh.wav,3,9,False
968,mokhicvkqf.wav,cgxwaehnir.wav,9,3,False
969,oagvqxyqxz.wav,pxtgqsabnh.wav,1,9,False
970,ztvloagxul.wav,jpjcecupwp.wav,2,4,False
971,tkaorzfyzc.wav,fseivkaego.wav,1,2,False
972,ztvloagxul.wav,zviuujuuou.wav,2,4,False
973,uqvsgllfeq.wav,mokhicvkqf.wav,1,9,False
974,tsoxcpgasb.wav,pxtgqsabnh.wav,9,9,True
975,jpjcecupwp.wav,zviuujuuou.wav,4,4,True
976,kttcqvdgul.wav,nekumenpgv.wav,3,3,True
977,pxtgqsabnh.wav,ztvloagxul.wav,9,2,False
978,fseivkaego.wav,kttcqvdgul.wav,2,3,False
979,zviuujuuou.wav,jpjcecupwp.wav,4,4,True
980,mokhicvkqf.wav,ztvloagxul.wav,9,2,False
981,cgxwaehnir.wav,kttcqvdgul.wav,3,3,True
982,uqvsgllfeq.wav,rjrqbatlca.wav,1,7,False
983,zviuujuuou.wav,xmclwscjcz.wav,4,7,False
984,iiuanaofgh.wav,oagvqxyqxz.wav,4,1,False
985,fseivkaego.wav,zviuujuuou.wav,2,4,False
986,zviuujuuou.wav,zviuujuuou.wav,4,4,True
987,nvdmllxvqy.wav,fseivkaego.wav,7,2,False
988,mokhicvkqf.wav,tsoxcpgasb.wav,9,9,True
989,nekumenpgv.wav,xwrxxvztrb.wav,3,6,False
990,oagvqxyqxz.wav,ztvloagxul.wav,1,2,False
991,iiuanaofgh.wav,uqvsgllfeq.wav,4,1,False
992,mokhicvkqf.wav,mokhicvkqf.wav,9,9,True
993,zviuujuuou.wav,ieaxshpxwj.wav,4,2,False
994,tsoxcpgasb.wav,tsoxcpgasb.wav,9,9,True
995,zviuujuuou.wav,xwrxxvztrb.wav,4,6,False
996,ztvloagxul.wav,afceoescqs.wav,2,6,False
997,zviuujuuou.wav,tsoxcpgasb.wav,4,9,False
998,ooyevtcxvf.wav,cgxwaehnir.wav,6,3,False
999,ztvloagxul.wav,ztvloagxul.wav,2,2,True
